,Image,Emotion
0,KA.SU2.37.jpg,6
1,121a.jpg,6
2,y37.jpg,6
3,y04.jpg,6
4,RamyaKrishna_71.jpg,6
5,y25.jpg,6
6,RamyaKrishna_53.jpg,6
7,RimiSen_132.jpg,6
8,11a.jpg,6
9,174a.jpg,6
10,KM.SU2.15.jpg,5
11,KM.HA2.5.jpg,3
12,y10.jpg,6
13,KM.FE2.24.jpg,6
14,RimiSen_179.jpg,6
15,Brahamanandam_54.jpg,6
16,Prema_130.jpg,6
17,YM.SA2.56.jpg,6
18,FaridaJalal_15.jpg,6
19,98a.jpg,6
20,MK.DI2.129.jpg,6
21,FaridaJalal_77.jpg,6
22,JayaBhaduri_51.jpg,3
23,NA.FE2.218.jpg,6
24,YM.HA2.53.jpg,3
25,NM.AN2.105.jpg,6
26,FaridaJalal_4.jpg,1
27,Katrinakaif_32.jpg,3
28,KajalAgarwal_41.jpg,6
29,Dileep_60.jpg,4
30,MallikarjunaRao_10.jpg,5
31,BhanuPriya_60.jpg,3
32,YM.AN2.62.jpg,6
33,KL.SA2.162.jpg,6
34,37a.jpg,1
35,200b.jpg,3
36,80a.jpg,6
37,189a.jpg,6
38,FaridaJalal_139.jpg,6
39,KajolAggarwal_113.jpg,1
40,KL.HA2.159.jpg,3
41,KL.SU2.165.jpg,5
42,Brahmanandam_81.jpg,6
43,KajalAgarwal_22.jpg,6
44,51a.jpg,3
45,159a.jpg,6
46,BhanuPriya_82.jpg,6
47,KA.DI2.43.jpg,6
48,KA.AN2.40.jpg,6
49,NA.HA2.203.jpg,3
50,NA.DI2.215.jpg,6
51,KA.SA2.34.jpg,6
52,y18.jpg,6
53,y27.jpg,6
54,89a.jpg,6
55,y32.jpg,6
56,JayaBhaduri_10.jpg,3
57,RimiSen_151.jpg,3
58,RamyaKrishna_90.jpg,3
59,MK.HA2.117.jpg,3
60,Brahmanadam_153.jpg,6
61,RimiSen_112.jpg,3
62,KR.AN2.84.jpg,6
63,72a.jpg,6
64,y24.jpg,6
65,Annapoorna_38.jpg,4
66,KA.NE2.27.jpg,6
67,NTR_69.jpg,3
68,TM.AN2.191.jpg,6
69,UY.SA2.141.jpg,6
70,NA.SU2.209.jpg,5
71,TM.HA2.181.jpg,3
72,39a.jpg,6
73,y12.jpg,6
74,KM.NE2.2.jpg,6
75,KL.AN2.168.jpg,6
76,Brahmanandam_62.jpg,6
77,Irani_37.jpg,4
78,NM.FE2.111.jpg,6
79,Prema_93.jpg,3
80,Jayamadhuri_107.jpg,6
81,MalikarjunaRao_2.jpg,3
82,FaridaJalal_149.jpg,6
83,FaridaJalal_53.jpg,6
84,y01.jpg,6
85,Annapoorna_26.jpg,6
86,NA.AN2.212.jpg,6
87,38a.jpg,1
88,7b.jpg,3
89,TM.DI2.194.jpg,6
90,Brahmanandam_46.jpg,6
91,KajolAggarwal_111.jpg,1
92,BomanIrani_76.jpg,3
93,KR.DI2.87.jpg,6
94,Annapoorna_114.jpg,6
95,FaridaJalal_2.jpg,6
96,144a.jpg,6
97,MK.AN2.126.jpg,6
98,163a.jpg,3
99,NA.NE2.200.jpg,6
100,KajolAggarwal_31.jpg,6
101,Prema_224.jpg,3
102,Irani_59.jpg,6
103,UY.FE2.153.jpg,6
104,52b.jpg,3
105,BhanuPriya_15.jpg,3
106,TM.NE2.178.jpg,6
107,Brahmanandam_32.jpg,6
108,y23.jpg,6
109,y29.jpg,6
110,UY.SU2.144.jpg,6
111,Prema_16.jpg,1
112,JayaBhaduri_56.jpg,3
113,RamyaKrishna_12.jpg,5
114,FaridaJalal_137.jpg,6
115,18b.jpg,3
116,NTR_142.jpg,6
117,KR.HA2.75.jpg,3
118,119a.jpg,6
119,KajolAggarwal_6.jpg,6
120,183a.jpg,6
121,MK.SU2.123.jpg,5
122,Brahmanandam_122.jpg,6
123,y36.jpg,6
124,Cochinganeefa_35.jpg,6
125,9a.jpg,6
126,KajolAggarwal_86.jpg,5
127,KA.FE2.46.jpg,6
128,Irani_93.jpg,6
129,Cochinhaneefa_8.jpg,6
130,Irani_32.jpg,6
131,KR.SA2.78.jpg,6
132,190b.jpg,3
133,KajalAgarwal_11.jpg,3
134,JAMUNA_92.jpg,6
135,FaridaJalal_69.jpg,4
136,NM.HA2.96.jpg,6
137,UY.NE2.135.jpg,6
138,y17.jpg,6
139,24b.jpg,3
140,UY.DI2.150.jpg,6
141,180b.jpg,1
142,108a.jpg,6
143,176b.jpg,3
144,KajolAggarwal_99.jpg,4
145,MalikarjunaRao_144.jpg,6
146,JAMUNA_284.jpg,6
147,KajalAgarwal_59.jpg,6
148,JayaBhaduri_42.jpg,4
149,83b.jpg,3
150,Innocent_156.jpg,6
151,KA.HA2.30.jpg,3
152,NM.SA2.99.jpg,6
153,y11.jpg,6
154,Prema_18.jpg,6
155,UY.HA2.138.jpg,6
156,y14.jpg,6
157,Cochinganeefa_18.jpg,6
158,KM.SA2.10.jpg,6
159,KM.AN2.18.jpg,6
160,YM.FE2.68.jpg,6
161,Innocent_26.jpg,6
162,74a.jpg,6
163,136b.jpg,3
164,BomanIrani_14.jpg,6
165,BomanIrani_9.jpg,4
166,63a.jpg,6
167,y34.jpg,6
168,BhanuPriya_59.jpg,3
169,KR.NE2.72.jpg,6
170,RimiSen_40.jpg,4
171,64a.jpg,1
172,RimiSen_167.jpg,1
173,y31.jpg,6
174,KajalAgarwal_20.jpg,6
175,MK.NE2.114.jpg,6
176,Irani_84.jpg,6
177,y22.jpg,6
178,55b.jpg,3
179,118a.jpg,6
180,y38.jpg,6
181,NTR_143.jpg,6
182,4b.jpg,3
183,YM.NE2.50.jpg,6
184,Brahamanandam_73.jpg,6
185,110b.jpg,3
186,Prema_89.jpg,6
187,y05.jpg,6
188,FaridaJalal_63.jpg,6
189,RimiSen_118.jpg,6
190,KajalAgarwal_48.jpg,6
191,NTR_188.jpg,6
192,Brahmanandam_24.jpg,6
193,y06.jpg,6
194,Brahamanandam_77.jpg,6
195,TM.SU2.188.jpg,6
196,34b.jpg,3
197,y19.jpg,6
198,BhanuPriya_92.jpg,4
199,186a.jpg,6
200,y09.jpg,3
201,FaridaJalal_315.jpg,3
202,RamyaKrishna_115.jpg,3
203,KajolAggarwal_121.jpg,6
204,y30.jpg,6
205,NM.NE2.93.jpg,6
206,45b.jpg,3
207,MK.SA2.120.jpg,6
208,KL.DI2.171.jpg,6
209,158a.jpg,6
210,184a.jpg,3
211,y03.jpg,6
212,KajalAgarwal_19.jpg,6
213,MK.FE2.132.jpg,3
214,y20.jpg,6
215,57b.jpg,3
216,Prema_50.jpg,6
217,JayaBhaduri_24.jpg,6
218,KL.NE2.156.jpg,6
219,KR.SU2.81.jpg,6
220,RamyaKrishna_23.jpg,3
221,YM.DI2.65.jpg,6
222,140a.jpg,6
223,6a.jpg,6
224,Jayamadhuri_83.jpg,4
225,YM.SU2.59.jpg,6
226,y07.jpg,6
227,y16.jpg,6
228,BhanuPriya_97.jpg,3
229,4a.jpg,6
230,KajolAggarwal_21.jpg,6
231,y33.jpg,6
232,Dileep_65.jpg,3
233,MalikarjunaRao_69.jpg,6
234,FaridaJalal_133.jpg,6
235,y08.jpg,6
236,KL.FE2.175.jpg,6
237,NA.SA2.206.jpg,6
238,34a.jpg,6
239,132b.jpg,3
240,195a.jpg,3
241,UY.AN2.147.jpg,6
242,NTR_194.jpg,3
243,155b.jpg,3
244,151a.jpg,6
245,JayaBhaduri_2.jpg,6
246,141b.jpg,3
247,KR.FE2.90.jpg,6
248,138b.jpg,3
249,TM.FE2.197.jpg,6
250,43a.jpg,3
251,y28.jpg,6
252,BhanuPriya_54.jpg,6
253,Irani_4.jpg,6
254,y15.jpg,6
255,69a.jpg,6
256,y21.jpg,6
257,NM.SU2.102.jpg,6
258,Innocent_131.jpg,6
259,y26.jpg,6
260,77a.jpg,6
261,TM.SA2.185.jpg,6
262,Innocent_15.jpg,6
